projection_date,projection_year,year,real_gdp_billions,real_gdp_pct_change
2000 January,1,1999,8852.6,3.949
2000 January,2,2000,9148.8,3.346
2000 January,3,2001,9430.1,3.074
2000 January,4,2002,9692.9,2.787
2000 January,5,2003,9945.5,2.606
2000 January,6,2004,10201.9,2.578
2000 January,7,2005,10476.4,2.691
2000 January,8,2006,10759.2,2.7
2000 January,9,2007,11049.7,2.7
2000 January,10,2008,11352.0,2.735
2000 January,11,2009,11678.5,2.876
2000 January,12,2010,12015.7,2.887
2000 July,1,2000,9280.0,4.88
2000 July,2,2001,9568.4,3.108
2000 July,3,2002,9829.3,2.727
2000 July,4,2003,10085.3,2.605
2000 July,5,2004,10348.3,2.607
2000 July,6,2005,10625.0,2.674
2000 July,7,2006,10909.6,2.678
2000 July,8,2007,11201.4,2.675
2000 July,9,2008,11503.9,2.7
2000 July,10,2009,11827.8,2.816
2000 July,11,2010,12166.2,2.861
2001 August,1,2001,9480.8,1.742
2001 August,2,2002,9728.1,2.608
2001 August,3,2003,10044.6,3.254
2001 August,4,2004,10365.7,3.197
2001 August,5,2005,10702.3,3.247
2001 August,6,2006,11049.9,3.248
2001 August,7,2007,11406.2,3.224
2001 August,8,2008,11771.6,3.204
2001 August,9,2009,12147.1,3.19
2001 August,10,2010,12532.7,3.174
2001 August,11,2011,12927.6,3.151
2001 January,1,2000,9325.7,5.07
2001 January,2,2001,9550.8,2.413
2001 January,3,2002,9872.4,3.368
2001 January,4,2003,10197.2,3.29
2001 January,5,2004,10507.5,3.043
2001 January,6,2005,10822.1,2.994
2001 January,7,2006,11144.1,2.975
2001 January,8,2007,11475.5,2.974
2001 January,9,2008,11820.3,3.005
2001 January,10,2009,12176.0,3.009
2001 January,11,2010,12558.0,3.137
2001 January,12,2011,12951.0,3.13
2002 August,1,2002,9427.7,2.314
2002 August,2,2003,9711.6,3.011
2002 August,3,2004,10034.3,3.323
2002 August,4,2005,10344.0,3.086
2002 August,5,2006,10674.2,3.192
2002 August,6,2007,11018.1,3.222
2002 August,7,2008,11370.6,3.199
2002 August,8,2009,11729.3,3.155
2002 August,9,2010,12093.6,3.107
2002 August,10,2011,12464.8,3.069
2002 August,11,2012,12843.6,3.039
2002 January,1,2001,9320.4,1.046
2002 January,2,2002,9398.1,0.834
2002 January,3,2003,9781.6,4.08
2002 January,4,2004,10146.5,3.731
2002 January,5,2005,10470.8,3.196
2002 January,6,2006,10803.9,3.181
2002 January,7,2007,11144.7,3.155
2002 January,8,2008,11493.0,3.124
2002 January,9,2009,11849.8,3.105
2002 January,10,2010,12215.7,3.087
2002 January,11,2011,12590.3,3.066
2002 January,12,2012,12972.5,3.036
2003 August,1,2003,9645.8,2.181
2003 August,2,2004,10010.8,3.784
2003 August,3,2005,10363.6,3.524
2003 August,4,2006,10726.0,3.497
2003 August,5,2007,11068.3,3.191
2003 August,6,2008,11400.8,3.004
2003 August,7,2009,11729.4,2.882
2003 August,8,2010,12047.6,2.714
2003 August,9,2011,12363.2,2.619
2003 August,10,2012,12686.7,2.616
2003 August,11,2013,13018.4,2.615
2003 January,1,2002,9435.6,2.399
2003 January,2,2003,9672.7,2.513
2003 January,3,2004,10018.1,3.571
2003 January,4,2005,10358.1,3.394
2003 January,5,2006,10696.8,3.27
2003 January,6,2007,11037.4,3.184
2003 January,7,2008,11379.8,3.103
2003 January,8,2009,11724.5,3.028
2003 January,9,2010,12069.6,2.944
2003 January,10,2011,12382.5,2.593
2003 January,11,2012,12692.3,2.502
2003 January,12,2013,13030.9,2.668
2004 January,1,2003,9769.4,3.15
2004 January,2,2004,10235.6,4.772
2004 January,3,2005,10662.2,4.167
2004 January,4,2006,10998.0,3.15
2004 January,5,2007,11291.4,2.667
2004 January,6,2008,11605.5,2.782
2004 January,7,2009,11929.5,2.792
2004 January,8,2010,12243.2,2.63
2004 January,9,2011,12549.9,2.506
2004 January,10,2012,12862.3,2.489
2004 January,11,2013,13185.1,2.51
2004 January,12,2014,13510.8,2.47
2004 September,1,2004,10852.2,4.536
2004 September,2,2005,11300.7,4.132
2004 September,3,2006,11661.6,3.194
2004 September,4,2007,12025.6,3.121
2004 September,5,2008,12388.5,3.018
2004 September,6,2009,12743.7,2.867
2004 September,7,2010,13087.0,2.694
2004 September,8,2011,13427.3,2.6
2004 September,9,2012,13768.7,2.543
2004 September,10,2013,14119.6,2.549
2004 September,11,2014,14476.5,2.528
2005 August,1,2005,11240.3,3.675
2005 August,2,2006,11628.0,3.449
2005 August,3,2007,12028.0,3.44
2005 August,4,2008,12436.5,3.396
2005 August,5,2009,12832.1,3.181
2005 August,6,2010,13207.4,2.924
2005 August,7,2011,13577.1,2.799
2005 August,8,2012,13942.0,2.687
2005 August,9,2013,14306.5,2.614
2005 August,10,2014,14671.5,2.551
2005 August,11,2015,15038.8,2.504
2005 January,1,2004,10841.6,4.433
2005 January,2,2005,11250.8,3.775
2005 January,3,2006,11672.1,3.745
2005 January,4,2007,12103.8,3.698
2005 January,5,2008,12514.3,3.392
2005 January,6,2009,12907.9,3.145
2005 January,7,2010,13288.5,2.949
2005 January,8,2011,13662.0,2.81
2005 January,9,2012,14030.9,2.701
2005 January,10,2013,14403.7,2.657
2005 January,11,2014,14778.6,2.602
2005 January,12,2015,15154.3,2.542
2006 August,1,2006,11526.4,3.517
2006 August,2,2007,11877.9,3.049
2006 August,3,2008,12246.1,3.1
2006 August,4,2009,12633.5,3.163
2006 August,5,2010,13015.6,3.025
2006 August,6,2011,13374.1,2.755
2006 August,7,2012,13738.7,2.726
2006 August,8,2013,14109.1,2.696
2006 August,9,2014,14477.0,2.607
2006 August,10,2015,14845.1,2.543
2006 August,11,2016,15219.0,2.519
2006 January,1,2005,11147.3,3.642
2006 January,2,2006,11552.5,3.635
2006 January,3,2007,11945.8,3.405
2006 January,4,2008,12350.8,3.39
2006 January,5,2009,12757.5,3.293
2006 January,6,2010,13141.9,3.013
2006 January,7,2011,13506.2,2.772
2006 January,8,2012,13866.7,2.669
2006 January,9,2013,14231.2,2.629
2006 January,10,2014,14600.0,2.591
2006 January,11,2015,14973.1,2.556
2006 January,12,2016,15351.7,2.528
2007 August,1,2007,11651.6,2.071
2007 August,2,2008,11988.6,2.892
2007 August,3,2009,12366.3,3.15
2007 August,4,2010,12758.1,3.168
2007 August,5,2011,13121.6,2.849
2007 August,6,2012,13471.4,2.666
2007 August,7,2013,13828.6,2.651
2007 August,8,2014,14188.3,2.601
2007 August,9,2015,14549.2,2.544
2007 August,10,2016,14913.0,2.5
2007 August,11,2017,15282.6,2.478
2007 January,1,2006,11411.2,3.282
2007 January,2,2007,11677.4,2.332
2007 January,3,2008,12023.4,2.963
2007 January,4,2009,12402.1,3.15
2007 January,5,2010,12769.7,2.964
2007 January,6,2011,13119.3,2.738
2007 January,7,2012,13470.1,2.674
2007 January,8,2013,13822.4,2.615
2007 January,9,2014,14174.1,2.545
2007 January,10,2015,14527.8,2.495
2007 January,11,2016,14885.5,2.462
2007 January,12,2017,15250.2,2.45
2008 January,1,2007,11567.9,2.195
2008 January,2,2008,11768.5,1.734
2008 January,3,2009,12095.2,2.776
2008 January,4,2010,12520.9,3.52
2008 January,5,2011,12950.3,3.43
2008 January,6,2012,13324.8,2.891
2008 January,7,2013,13671.1,2.599
2008 January,8,2014,14022.7,2.572
2008 January,9,2015,14367.1,2.456
2008 January,10,2016,14715.1,2.422
2008 January,11,2017,15070.6,2.416
2008 January,12,2018,15434.9,2.417
2008 September,1,2008,11698.5,1.515
2008 September,2,2009,11821.9,1.055
2008 September,3,2010,12246.3,3.589
2008 September,4,2011,12743.2,4.058
2008 September,5,2012,13133.4,3.062
2008 September,6,2013,13461.5,2.498
2008 September,7,2014,13789.2,2.434
2008 September,8,2015,14116.7,2.375
2008 September,9,2016,14446.5,2.336
2008 September,10,2017,14781.3,2.317
2008 September,11,2018,15122.3,2.308
2009 August,1,2009,11362.6,-2.483
2009 August,2,2010,11556.6,1.707
2009 August,3,2011,11962.7,3.514
2009 August,4,2012,12557.9,4.975
2009 August,5,2013,13122.8,4.498
2009 August,6,2014,13516.2,2.997
2009 August,7,2015,13875.6,2.66
2009 August,8,2016,14220.2,2.483
2009 August,9,2017,14552.3,2.335
2009 August,10,2018,14878.5,2.242
2009 August,11,2019,15204.9,2.194
2009 January,1,2008,11666.0,1.233
2009 January,2,2009,11407.2,-2.218
2009 January,3,2010,11579.7,1.512
2009 January,4,2011,12060.5,4.152
2009 January,5,2012,12585.8,4.355
2009 January,6,2013,13108.0,4.149
2009 January,7,2014,13571.3,3.535
2009 January,8,2015,13956.7,2.84
2009 January,9,2016,14300.1,2.46
2009 January,10,2017,14629.8,2.306
2009 January,11,2018,14955.6,2.227
2009 January,12,2019,15283.2,2.191
2009 March,1,2009,11297.6,-3.019
2009 March,2,2010,11628.7,2.931
2009 March,3,2011,12092.5,3.989
2009 March,4,2012,12592.3,4.133
2009 March,5,2013,13090.3,3.954
2009 March,6,2014,13548.6,3.502
2009 March,7,2015,13914.6,2.701
2009 March,8,2016,14259.9,2.482
2009 March,9,2017,14595.6,2.354
2009 March,10,2018,14926.1,2.265
2009 March,11,2019,15258.0,2.223
2010 August,1,2010,13382.4,3.042
2010 August,2,2011,13663.6,2.101
2010 August,3,2012,14126.4,3.388
2010 August,4,2013,14783.5,4.651
2010 August,5,2014,15399.9,4.17
2010 August,6,2015,15822.4,2.743
2010 August,7,2016,16224.9,2.544
2010 August,8,2017,16616.3,2.412
2010 August,9,2018,16996.1,2.286
2010 August,10,2019,17374.5,2.227
2010 August,11,2020,17763.6,2.239
2010 January,1,2009,12976.3,-2.523
2010 January,2,2010,13266.6,2.237
2010 January,3,2011,13520.2,1.912
2010 January,4,2012,14135.7,4.552
2010 January,5,2013,14816.2,4.814
2010 January,6,2014,15398.8,3.932
2010 January,7,2015,15842.3,2.88
2010 January,8,2016,16245.5,2.545
2010 January,9,2017,16627.1,2.349
2010 January,10,2018,16987.9,2.17
2010 January,11,2019,17369.3,2.245
2010 January,12,2020,17760.3,2.251
2011 August,1,2011,13567.3,2.409
2011 August,2,2012,13919.9,2.599
2011 August,3,2013,14152.2,1.669
2011 August,4,2014,14773.2,4.388
2011 August,5,2015,15510.8,4.993
2011 August,6,2016,16004.6,3.183
2011 August,7,2017,16454.0,2.808
2011 August,8,2018,16867.2,2.511
2011 August,9,2019,17285.5,2.48
2011 August,10,2020,17684.6,2.309
2011 August,11,2021,18086.6,2.273
2011 January,1,2010,13238.2,2.776
2011 January,2,2011,13594.3,2.69
2011 January,3,2012,14021.3,3.142
2011 January,4,2013,14455.4,3.095
2011 January,5,2014,14967.4,3.542
2011 January,6,2015,15530.6,3.763
2011 January,7,2016,16002.4,3.037
2011 January,8,2017,16406.2,2.524
2011 January,9,2018,16801.2,2.407
2011 January,10,2019,17199.8,2.373
2011 January,11,2020,17606.1,2.362
2011 January,12,2021,18015.8,2.327
2012 August,1,2012,13597.1,2.118
2012 August,2,2013,13562.3,-0.256
2012 August,3,2014,13987.4,3.134
2012 August,4,2015,14654.3,4.768
2012 August,5,2016,15310.6,4.479
2012 August,6,2017,15896.1,3.824
2012 August,7,2018,16396.5,3.148
2012 August,8,2019,16816.7,2.563
2012 August,9,2020,17215.0,2.368
2012 August,10,2021,17602.0,2.248
2012 August,11,2022,17999.0,2.256
2012 January,1,2011,13315.8,1.741
2012 January,2,2012,13612.8,2.231
2012 January,3,2013,13750.7,1.013
2012 January,4,2014,14241.8,3.571
2012 January,5,2015,14935.1,4.868
2012 January,6,2016,15562.1,4.198
2012 January,7,2017,16071.3,3.273
2012 January,8,2018,16514.5,2.758
2012 January,9,2019,16944.7,2.604
2012 January,10,2020,17371.7,2.52
2012 January,11,2021,17792.7,2.423
2012 January,12,2022,18217.3,2.386
2013 February,1,2011,13299.1,1.807589771855178
2013 February,2,2012,13599.3225,2.2574647908505163
2013 February,3,2013,13792.9875,1.424078295076825
2013 February,4,2014,14152.505000000001,2.6065237860905865
2013 February,5,2015,14738.335,4.139408535803368
2013 February,6,2016,15385.4625,4.390777519984446
2013 February,7,2017,15965.1975,3.7680700206444984
2013 February,8,2018,16376.119999999999,2.573864181761598
2013 February,9,2019,16767.835,2.3919890670073274
2013 February,10,2020,17150.7075,2.2833746873105687
2013 February,11,2021,17529.8,2.210360709609205
2013 February,12,2022,17912.262499999997,2.181784732284431
2013 February,13,2023,18304.7775,2.1913200523942855
2014 August,1,2014,16003.0,1.53
2014 August,2,2015,16514.1,3.19
2014 August,3,2016,17092.4,3.5
2014 August,4,2017,17607.0,3.01
2014 August,5,2018,18030.5,2.41
2014 August,6,2019,18445.2,2.3
2014 August,7,2020,18861.5,2.26
2014 August,8,2021,19276.6,2.2
2014 August,9,2022,19690.8,2.15
2014 August,10,2023,20101.5,2.09
2014 August,11,2024,20506.5,2.01
2014 February,1,2013,15736.23,1.716176843683792
2014 February,2,2014,16158.01,2.6803116121205672
2014 February,3,2015,16698.2675,3.3435893405190376
2014 February,4,2016,17267.934999999998,3.4115365561127486
2014 February,5,2017,17780.475,2.968160350383542
2014 February,6,2018,18209.05,2.410368676877317
2014 February,7,2019,18625.7625,2.2884911623615833
2014 February,8,2020,19037.1725,2.2088223233813986
2014 February,9,2021,19447.1,2.1533003391128513
2014 February,10,2022,19861.607500000002,2.1314617603653163
2014 February,11,2023,20280.085,2.1069669209805797
2014 February,12,2024,20694.3,2.042471715478511
2015 August,1,2015,16451.5,2.27
2015 August,2,2016,16939.9,2.97
2015 August,3,2017,17432.5,2.91
2015 August,4,2018,17840.4,2.34
2015 August,5,2019,18237.0,2.22
2015 August,6,2020,18644.3,2.23
2015 August,7,2021,19055.4,2.21
2015 August,8,2022,19466.4,2.16
2015 August,9,2023,19877.7,2.11
2015 August,10,2024,20292.4,2.09
2015 August,11,2025,20711.5,2.07
2015 January,1,2014,16063.6,2.25
2015 January,2,2015,16521.2,2.85
2015 January,3,2016,17012.2,2.97
2015 January,4,2017,17469.0,2.68
2015 January,5,2018,17854.7,2.21
2015 January,6,2019,18223.1,2.06
2015 January,7,2020,18626.5,2.21
2015 January,8,2021,19037.1,2.2
2015 January,9,2022,19449.7,2.17
2015 January,10,2023,19865.9,2.14
2015 January,11,2024,20285.7,2.11
2015 January,12,2025,20708.8,2.09
2016 August,1,2016,16654.7,1.871
2016 August,2,2017,17046.9,2.354
2016 August,3,2018,17423.4,2.209
2016 August,4,2019,17727.6,1.746
2016 August,5,2020,18015.7,1.625
2016 August,6,2021,18358.2,1.901
2016 August,7,2022,18718.8,1.964
2016 August,8,2023,19089.6,1.981
2016 August,9,2024,19466.0,1.972
2016 August,10,2025,19845.6,1.95
2016 August,11,2026,20227.8,1.926
2016 January,1,2015,16350.0,2.43
2016 January,2,2016,16752.2,2.46
2016 January,3,2017,17179.5,2.55
2016 January,4,2018,17565.3,2.25
2016 January,5,2019,17884.4,1.82
2016 January,6,2020,18215.9,1.85
2016 January,7,2021,18590.6,2.06
2016 January,8,2022,18974.7,2.07
2016 January,9,2023,19362.7,2.05
2016 January,10,2024,19755.9,2.03
2016 January,11,2025,20157.0,2.03
2016 January,12,2026,20566.9,2.03
2017 January,1,2016,16653.9,1.566
2017 January,2,2017,17040.0,2.318
2017 January,3,2018,17382.6,2.011
2017 January,4,2019,17680.2,1.712
2017 January,5,2020,17952.8,1.542
2017 January,6,2021,18270.6,1.77
2017 January,7,2022,18615.7,1.889
2017 January,8,2023,18971.8,1.913
2017 January,9,2024,19335.4,1.916
2017 January,10,2025,19702.9,1.901
2017 January,11,2026,20074.4,1.885
2017 January,12,2027,20451.1,1.877
2017 June,1,2017,17019.3,2.144
2017 June,2,2018,17388.5,2.17
2017 June,3,2019,17680.6,1.68
2017 June,4,2020,17935.7,1.443
2017 June,5,2021,18241.1,1.703
2017 June,6,2022,18583.5,1.877
2017 June,7,2023,18935.4,1.894
2017 June,8,2024,19294.7,1.898
2017 June,9,2025,19658.4,1.885
2017 June,10,2026,20026.0,1.87
2017 June,11,2027,20400.3,1.869
2018 April,1,2018,17613.4,3.046
2018 April,2,2019,18117.8,2.863
2018 April,3,2020,18471.5,1.952
2018 April,4,2021,18754.0,1.529
2018 April,5,2022,19039.7,1.523
2018 April,6,2023,19347.3,1.615
2018 April,7,2024,19678.8,1.713
2018 April,8,2025,20028.3,1.776
2018 April,9,2026,20361.0,1.66
2018 April,10,2027,20728.3,1.804
2018 April,11,2028,21101.3,1.799
2018 August,1,2018,17606.7,2.986
2018 August,2,2019,18098.8,2.794
2018 August,3,2020,18444.4,1.909
2018 August,4,2021,18736.2,1.582
2018 August,5,2022,19030.8,1.572
2018 August,6,2023,19340.5,1.627
2018 August,7,2024,19672.4,1.716
2018 August,8,2025,20018.6,1.759
2018 August,9,2026,20348.1,1.645
2018 August,10,2027,20713.4,1.795
2018 August,11,2028,21085.1,1.794
2019 August,1,2019,19043.4,2.568
2019 August,2,2020,19446.2,2.115
2019 August,3,2021,19800.2,1.82
2019 August,4,2022,20139.7,1.714
2019 August,5,2023,20477.8,1.678
2019 August,6,2024,20822.4,1.682
2019 August,7,2025,21192.8,1.779
2019 August,8,2026,21551.2,1.691
2019 August,9,2027,21944.1,1.823
2019 August,10,2028,22341.7,1.811
2019 August,11,2029,22745.6,1.807
2019 January,1,2018,18574.0,2.899
2019 January,2,2019,19070.1,2.67
2019 January,3,2020,19431.3,1.893
2019 January,4,2021,19740.1,1.589
2019 January,5,2022,20056.2,1.6
2019 January,6,2023,20392.8,1.678
2019 January,7,2024,20768.4,1.841
2019 January,8,2025,21145.7,1.817
2019 January,9,2026,21504.0,1.694
2019 January,10,2027,21897.5,1.829
2019 January,11,2028,22292.5,1.804
2019 January,12,2029,22683.6,1.754
2020 January,1,2019,19075.1,2.344
2020 January,2,2020,19494.5,2.198
2020 January,3,2021,19874.0,1.946
2020 January,4,2022,20203.0,1.655
2020 January,5,2023,20522.8,1.582
2020 January,6,2024,20842.1,1.555
2020 January,7,2025,21159.0,1.52
2020 January,8,2026,21494.9,1.587
2020 January,9,2027,21870.8,1.748
2020 January,10,2028,22250.3,1.735
2020 January,11,2029,22638.2,1.743
2020 January,12,2030,23029.9,1.73
2020 July,1,2020,17968.0,-5.793
2020 July,2,2021,18679.3,3.958
2020 July,3,2022,19222.0,2.905
2020 July,4,2023,19631.4,2.129
2020 July,5,2024,20074.1,2.255
2020 July,6,2025,20540.6,2.324
2020 July,7,2026,21023.9,2.352
2020 July,8,2027,21512.1,2.322
2020 July,9,2028,21973.1,2.142
2020 July,10,2029,22381.9,1.86
2020 July,11,2030,22782.6,1.79
2021 February,1,2020,18435.9,-3.434
2021 February,2,2021,19281.9,4.589
2021 February,3,2022,19838.4,2.885
2021 February,4,2023,20275.8,2.204
2021 February,5,2024,20742.5,2.301
2021 February,6,2025,21210.7,2.257
2021 February,7,2026,21623.9,1.948
2021 February,8,2027,21972.7,1.612
2021 February,9,2028,22324.6,1.601
2021 February,10,2029,22678.4,1.585
2021 February,11,2030,23028.1,1.541
2021 February,12,2031,23402.8,1.627
2021 July,1,2021,19657.5,6.683
2021 July,2,2022,20638.8,4.992
2021 July,3,2023,20955.7,1.535
2021 July,4,2024,21183.7,1.087
2021 July,5,2025,21450.9,1.261
2021 July,6,2026,21757.2,1.427
2021 July,7,2027,22115.2,1.645
2021 July,8,2028,22461.2,1.564
2021 July,9,2029,22805.2,1.531
2021 July,10,2030,23161.0,1.56
2021 July,11,2031,23551.9,1.687
2022 May,1,2022,20164.8,3.79
2022 May,2,2023,20726.8,2.787
2022 May,3,2024,21059.9,1.607
2022 May,4,2025,21382.2,1.53
2022 May,5,2026,21678.1,1.383
2022 May,6,2027,22025.4,1.602
2022 May,7,2028,22402.1,1.71
2022 May,8,2029,22799.4,1.773
2022 May,9,2030,23201.2,1.762
2022 May,10,2031,23605.4,1.742
2022 May,11,2032,24012.0,1.722
2023 February,1,2022,19984.6,1.911
2023 February,2,2023,20035.2,0.253
2023 February,3,2024,20398.1,1.811
2023 February,4,2025,20954.1,2.725
2023 February,5,2026,21462.5,2.426
2023 February,6,2027,21951.8,2.279
2023 February,7,2028,22384.4,1.97
2023 February,8,2029,22808.5,1.894
2023 February,9,2030,23231.7,1.855
2023 February,10,2031,23653.9,1.817
2023 February,11,2032,24075.5,1.782
2023 February,12,2033,24496.1,1.746
2024 February,1,2023,22348.4,2.412
2024 February,2,2024,22755.2,1.82
2024 February,3,2025,23203.7,1.971
2024 February,4,2026,23719.9,2.224
2024 February,5,2027,24230.2,2.151
2024 February,6,2028,24738.5,2.098
2024 February,7,2029,25249.9,2.067
2024 February,8,2030,25757.8,2.011
2024 February,9,2031,26262.0,1.957
2024 February,10,2032,26764.2,1.912
2024 February,11,2033,27263.7,1.866
2024 February,12,2034,27759.5,1.818
2024 June,1,2024,22956.6,2.59
2024 June,2,2025,23428.9,2.057
2024 June,3,2026,23858.8,1.835
2024 June,4,2027,24275.3,1.745
2024 June,5,2028,24694.5,1.726
2024 June,6,2029,25143.0,1.816
2024 June,7,2030,25606.8,1.844
2024 June,8,2031,26075.4,1.83
2024 June,9,2032,26546.2,1.805
2024 June,10,2033,27017.3,1.774
2024 June,11,2034,27488.7,1.744
2025 January,1,2024,23290.9,2.734
2025 January,2,2025,23785.8,2.124
2025 January,3,2026,24220.5,1.827
2025 January,4,2027,24647.6,1.763
2025 January,5,2028,25077.7,1.744
2025 January,6,2029,25525.6,1.786
2025 January,7,2030,25990.7,1.821
2025 January,8,2031,26464.3,1.822
2025 January,9,2032,26952.0,1.842
2025 January,10,2033,27444.4,1.826
2025 January,11,2034,27937.8,1.797
2025 January,12,2035,28429.6,1.76
2026 February,1,2025,23830.3,2.02
2026 February,2,2026,24393.8,2.364
2026 February,3,2027,24847.7,1.861
2026 February,4,2028,25296.3,1.805
2026 February,5,2029,25740.2,1.754
2026 February,6,2030,26199.4,1.783
2026 February,7,2031,26664.7,1.776
2026 February,8,2032,27134.0,1.76
2026 February,9,2033,27613.7,1.767
2026 February,10,2034,28102.2,1.769
2026 February,11,2035,28600.4,1.772
2026 February,12,2036,29105.5,1.766
